PartNumber,Category,Description, Price 
MS120-8-HW,Switches,Meraki MS120-8 1G L2 Cloud Managed 8x GigE Switch, 680.00 
MS120-8LP-HW,Switches,Meraki MS120-8LP 1G L2 Cloud Managed 8x GigE 64W PoE Switch, 895.00 
MS120-8FP-HW,Switches,Meraki MS120-8FP 1G L2 Cloud Managed 8x GigE 127W PoE Switch," 1,150.00 "
MS120-24-HW,Switches,Meraki MS120-24 1G L2 Cloud Managed 24x GigE Switch," 1,620.00 "
MS120-24P-HW,Switches,Meraki MS120-24P 1G L2 Cld -Mngd 24x GigE 370W PoE Switch," 2,515.00 "
MS120-48-HW,Switches,Meraki MS120-48 1G L2 Cloud Managed 48x GigE Switch," 2,900.00 "
MS120-48LP-HW,Switches,Meraki MS120-48LP 1G L2 Cld Managed 48x GigE 370W PoE Switch," 3,925.00 "
MS210-24-HW,Switches,Meraki MS210-24 1G L2 Cld-Mngd 24x GigE Switch," 2,985.00 "
MS210-24P-HW,Switches,Meraki MS210-24P 1G L2 Cld-Mngd 24x GigE 370W PoE Switch," 3,665.00 "
MS210-48-HW,Switches,Meraki MS210-48 1G L2 Cld-Mngd 48x GigE Switch," 4,520.00 "
MS210-48LP-HW,Switches,Meraki MS210-48LP 1G L2 Cld-Mngd 48x GigE 370W PoE Switch," 5,720.00 "
MS210-48FP-HW,Switches,Meraki MS210-48FP 1G L2 Cld-Mngd 48x GigE 740W PoE Switch," 6,570.00 "
MS220-8-HW,Switches,Meraki MS220-8 Cloud Managed 8 Port GigE Switch, 985.00 
MS220-8P-HW,Switches,Meraki MS220-8P L2 Cloud Managed 8 Port GigE 124W PoE Switch," 1,255.00 "
MS225-24-HW,Switches,Meraki MS225-24 L2 Stck Cld-Mngd 24x GigE Switch," 4,180.00 "
MS225-24P-HW,Switches,Meraki MS225-24P L2 Stck Cld-Mngd 24x GigE 370W PoE Switch," 4,865.00 "
MS225-48-HW,Switches,Meraki MS225-48 L2 Stck Cld-Mngd 48x GigE Switch," 5,720.00 "
MS225-48LP-HW,Switches,Meraki MS225-48LP L2 Stck Cld-Mngd 48x GigE 370W PoE Switch," 6,915.00 "
MS225-48FP-HW,Switches,Meraki MS225-48FP L2 Stck Cld-Mngd 48x GigE 740W PoE Switch," 7,770.00 "
MS250-24-HW,Switches,Meraki MS250-24 L3 Stck Cld-Mngd 24x GigE Switch," 5,975.00 "
MS250-24P-HW,Switches,Meraki MS250-24P L3 Stck Cld-Mngd 24x GigE 370W PoE Switch," 6,485.00 "
MS250-48-HW,Switches,Meraki MS250-48 L3 Stck Cld-Mngd 48x GigE Switch," 8,365.00 "
MS250-48LP-HW,Switches,Meraki MS250-48LP L3 Stck Cld-Mngd 48x GigE 370W PoE Switch," 9,565.00 "
MS250-48FP-HW,Switches,Meraki MS250-48FP L3 Stck Cld-Mngd 48x GigE 740W PoE Switch," 10,420.00 "
MS320-24-HW,Switches,EOS Meraki MS320-24 L3 Cloud Managed 24 Port GigE Switch," 4,515.00 "
MS350-24-HW,Switches,Meraki MS350-24 L3 Stck Cld-Mngd 24x GigE Switch," 5,675.00 "
MS350-24P-HW,Switches,Meraki MS350-24P L3 Stck Cld-Mngd 24x GigE 370W PoE Switch," 6,455.00 "
MS350-24X-HW,Switches,Meraki MS350-24X L3 Stck Cld-Mngd 24xGigE mGig UPOE Switch," 7,495.00 "
MS350-48-HW,Switches,Meraki MS350-48 L3 Stck Cld-Mngd 48x GigE Switch," 9,195.00 "
MS350-48LP-HW,Switches,Meraki MS350-48LP L3 Stck Cld-Mngd 48x GigE 370W PoE Switch," 10,665.00 "
MS350-48FP-HW,Switches,Meraki MS350-48FP L3 Stck Cld-Mngd 48x GigE 740W PoE Switch," 11,635.00 "
MS410-16-HW,Switches,Meraki MS410-16 Cld-Mngd 16x GigE SFP Switch," 8,500.00 "
MS410-32-HW,Switches,Meraki MS410-32 Cld-Mngd 32x GigE SFP Switch," 15,000.00 "
MS425-16-HW,Switches,Meraki MS425-16 L3 Cld-Mngd 16x 10G SFP+ Switch," 14,000.00 "
MS425-32-HW,Switches,Meraki MS425-32 L3 Cld-Mngd 32x 10G SFP+ Switch," 22,000.00 "
LIC-MS22-1YR,Switches,"EOS Meraki MS22 Enterprise License and Support, 1YR", 200.00 
LIC-MS22-3YR,Switches,"EOS Meraki MS22 Enterprise License and Support, 3YR", 400.00 
LIC-MS22-5YR,Switches,"EOS Meraki MS22 Enterprise License and Support, 5YR", 600.00 
LIC-MS22-7YR,Switches,"EOS Meraki MS22 Enterprise License and Support, 7YR", 800.00 
LIC-MS22-10YR,Switches,"EOS Meraki MS22 Enterprise License and Support, 10YR"," 1,200.00 "
LIC-MS22P-1YR,Switches,"EOS Meraki MS22P Enterprise License and Support, 1YR", 200.00 
LIC-MS22P-3YR,Switches,"EOS Meraki MS22P Enterprise License and Support, 3YR", 400.00 
LIC-MS22P-5YR,Switches,"EOS Meraki MS22P Enterprise License and Support, 5YR", 600.00 
LIC-MS22P-7YR,Switches,"EOS Meraki MS22P Enterprise License and Support, 7YR", 800.00 
LIC-MS22P-10YR,Switches,"EOS Meraki MS22P Enterprise License and Support, 10YR"," 1,200.00 "
LIC-MS42-1YR,Switches,"EOS Meraki MS42 Enterprise License and Support, 1YR", 200.00 
LIC-MS42-3YR,Switches,"EOS Meraki MS42 Enterprise License and Support, 3YR", 400.00 
LIC-MS42-5YR,Switches,"EOS Meraki MS42 Enterprise License and Support, 5YR", 600.00 
LIC-MS42-7YR,Switches,"EOS Meraki MS42 Enterprise License and Support, 7YR", 800.00 
LIC-MS42-10YR,Switches,"EOS Meraki MS42 Enterprise License and Support, 10YR"," 1,200.00 "
LIC-MS42P-1YR,Switches,"EOS Meraki MS42P Enterprise License and Support, 1YR", 200.00 
LIC-MS42P-3YR,Switches,"EOS Meraki MS42P Enterprise License and Support, 3YR", 400.00 
LIC-MS42P-5YR,Switches,"EOS Meraki MS42P Enterprise License and Support, 5YR", 600.00 
LIC-MS42P-7YR,Switches,"EOS Meraki MS42P Enterprise License and Support, 7YR", 800.00 
LIC-MS42P-10YR,Switches,"EOS Meraki MS42P Enterprise License and Support, 10YR"," 1,200.00 "
LIC-MS120-8-1YR,Switches,"Meraki MS120-8 Enterprise License and Support, 1 Year", 40.00 
LIC-MS120-8-3YR,Switches,"Meraki MS120-8 Enterprise License and Support, 3 Year", 80.00 
LIC-MS120-8-5YR,Switches,"Meraki MS120-8 Enterprise License and Support, 5 Year", 115.00 
LIC-MS120-8-7YR,Switches,"Meraki MS120-8 Enterprise License and Support, 7 Year", 165.00 
LIC-MS120-8-10YR,Switches,"Meraki MS120-8 Enterprise License and Support, 10 Year", 240.00 
LIC-MS120-8LP-1YR,Switches,"Meraki MS120-8LP Enterprise License and Support, 1 Year", 50.00 
LIC-MS120-8LP-3YR,Switches,"Meraki MS120-8LP Enterprise License and Support, 3 Year", 100.00 
LIC-MS120-8LP-5YR,Switches,"Meraki MS120-8LP Enterprise License and Support, 5 Year", 150.00 
LIC-MS120-8LP-7YR,Switches,"Meraki MS120-8LP Enterprise License and Support, 7 Year", 210.00 
LIC-MS120-8LP-10YR,Switches,"Meraki MS120-8LP Enterprise License and Support, 10 Year", 300.00 
LIC-MS120-8FP-1YR,Switches,"Meraki MS120-8FP Enterprise License and Support, 1 Year", 65.00 
LIC-MS120-8FP-3YR,Switches,"Meraki MS120-8FP Enterprise License and Support, 3 Year", 130.00 
LIC-MS120-8FP-5YR,Switches,"Meraki MS120-8FP Enterprise License and Support, 5 Year", 195.00 
LIC-MS120-8FP-7YR,Switches,"Meraki MS120-8FP Enterprise License and Support, 7 Year", 275.00 
LIC-MS120-8FP-10YR,Switches,"Meraki MS120-8FP Enterprise License and Support, 10 Year", 390.00 
LIC-MS120-24-1YR,Switches,"Meraki MS120-24 Enterprise License and Support, 1 Year", 90.00 
LIC-MS120-24-3YR,Switches,"Meraki MS120-24 Enterprise License and Support, 3 Year", 185.00 
LIC-MS120-24-5YR,Switches,"Meraki MS120-24 Enterprise License and Support, 5 Year", 275.00 
LIC-MS120-24-7YR,Switches,"Meraki MS120-24 Enterprise License and Support, 7 Year", 380.00 
LIC-MS120-24-10YR,Switches,"Meraki MS120-24 Enterprise License and Support, 10 Year", 540.00 
LIC-MS120-24P-1YR,Switches,"Meraki MS120-24P Enterprise License and Support, 1 Year", 145.00 
LIC-MS120-24P-3YR,Switches,"Meraki MS120-24P Enterprise License and Support, 3 Year", 285.00 
LIC-MS120-24P-5YR,Switches,"Meraki MS120-24P Enterprise License and Support, 5 Year", 430.00 
LIC-MS120-24P-7YR,Switches,"Meraki MS120-24P Enterprise License and Support, 7 Year", 600.00 
LIC-MS120-24P-10YR,Switches,"Meraki MS120-24P Enterprise License and Support, 10 Year", 860.00 
LIC-MS120-48-1YR,Switches,"Meraki MS120-48 Enterprise License and Support, 1 Year", 165.00 
LIC-MS120-48-3YR,Switches,"Meraki MS120-48 Enterprise License and Support, 3 Year", 330.00 
LIC-MS120-48-5YR,Switches,"Meraki MS120-48 Enterprise License and Support, 5 Year", 495.00 
LIC-MS120-48-7YR,Switches,"Meraki MS120-48 Enterprise License and Support, 7 Year", 695.00 
LIC-MS120-48-10YR,Switches,"Meraki MS120-48 Enterprise License and Support, 10 Year", 990.00 
LIC-MS120-48LP-1YR,Switches,"Meraki MS120-48LP Enterprise License and Support, 1 Year", 220.00 
LIC-MS120-48LP-3YR,Switches,"Meraki MS120-48LP Enterprise License and Support, 3 Year", 445.00 
LIC-MS120-48LP-5YR,Switches,"Meraki MS120-48LP Enterprise License and Support, 5 Year", 665.00 
LIC-MS120-48LP-7YR,Switches,"Meraki MS120-48LP Enterprise License and Support, 7 Year", 930.00 
LIC-MS120-48LP-10Y,Switches,"Meraki MS120-48LP Enterprise License and Support, 10 Year"," 1,330.00 "
LIC-MS210-24-1YR,Switches,"Meraki MS210-24 Enterprise License and Support, 1 Year", 170.00 
LIC-MS210-24-3YR,Switches,"Meraki MS210-24 Enterprise License and Support, 3 Year", 340.00 
LIC-MS210-24-5YR,Switches,"Meraki MS210-24 Enterprise License and Support, 5 Year", 505.00 
LIC-MS210-24-7YR,Switches,"Meraki MS210-24 Enterprise License and Support, 7 Year", 710.00 
LIC-MS210-24-10YR,Switches,"Meraki MS210-24 Enterprise License and Support, 10 Year"," 1,010.00 "
LIC-MS210-24P-1YR,Switches,"Meraki MS210-24P Enterprise License and Support, 1 Year", 210.00 
LIC-MS210-24P-3YR,Switches,"Meraki MS210-24P Enterprise License and Support, 3 Year", 420.00 
LIC-MS210-24P-5YR,Switches,"Meraki MS210-24P Enterprise License and Support, 5 Year", 625.00 
LIC-MS210-24P-7YR,Switches,"Meraki MS210-24P Enterprise License and Support, 7 Year", 875.00 
LIC-MS210-24P-10YR,Switches,"Meraki MS210-24P Enterprise License and Support, 10 Year"," 1,250.00 "
LIC-MS210-48-1YR,Switches,"Meraki MS210-48 Enterprise License and Support, 1 Year", 260.00 
LIC-MS210-48-3YR,Switches,"Meraki MS210-48 Enterprise License and Support, 3 Year", 515.00 
LIC-MS210-48-5YR,Switches,"Meraki MS210-48 Enterprise License and Support, 5 Year", 770.00 
LIC-MS210-48-7YR,Switches,"Meraki MS210-48 Enterprise License and Support, 7 Year"," 1,080.00 "
LIC-MS210-48-10YR,Switches,"Meraki MS210-48 Enterprise License and Support, 10 Year"," 1,540.00 "
LIC-MS210-48LP-1YR,Switches,"Meraki MS210-48LP Enterprise License and Support, 1 Year", 325.00 
LIC-MS210-48LP-3YR,Switches,"Meraki MS210-48LP Enterprise License and Support, 3 Year", 650.00 
LIC-MS210-48LP-5YR,Switches,"Meraki MS210-48LP Enterprise License and Support, 5 Year", 970.00 
LIC-MS210-48LP-7YR,Switches,"Meraki MS210-48LP Enterprise License and Support, 7 Year"," 1,360.00 "
LIC-MS210-48LP-10Y,Switches,"Meraki MS210-48LP Enterprise License and Support, 10 Year"," 1,940.00 "
LIC-MS210-48FP-1YR,Switches,"Meraki MS210-48FP Enterprise License and Support, 1 Year", 370.00 
LIC-MS210-48FP-3YR,Switches,"Meraki MS210-48FP Enterprise License and Support, 3 Year", 745.00 
LIC-MS210-48FP-5YR,Switches,"Meraki MS210-48FP Enterprise License and Support, 5 Year"," 1,115.00 "
LIC-MS210-48FP-7YR,Switches,"Meraki MS210-48FP Enterprise License and Support, 7 Year"," 1,560.00 "
LIC-MS210-48FP-10Y,Switches,"Meraki MS210-48FP Enterprise License and Support, 10 Year"," 2,230.00 "
LIC-MS220-8-1YR,Switches,"Meraki MS220-8 Enterprise License and Support, 1YR", 55.00 
LIC-MS220-8-3YR,Switches,"Meraki MS220-8 Enterprise License and Support, 3YR", 110.00 
LIC-MS220-8-5YR,Switches,"Meraki MS220-8 Enterprise License and Support, 5YR", 165.00 
LIC-MS220-8-7YR,Switches,"Meraki MS220-8 Enterprise License and Support, 7YR", 220.00 
LIC-MS220-8-10YR,Switches,"Meraki MS220-8 Enterprise License and Support, 10YR", 275.00 
LIC-MS220-8P-1YR,Switches,"Meraki MS220-8P Enterprise License and Support, 1YR", 70.00 
LIC-MS220-8P-3YR,Switches,"Meraki MS220-8P Enterprise License and Support, 3YR", 140.00 
LIC-MS220-8P-5YR,Switches,"Meraki MS220-8P Enterprise License and Support, 5YR", 210.00 
LIC-MS220-8P-7YR,Switches,"Meraki MS220-8P Enterprise License and Support, 7YR", 280.00 
LIC-MS220-8P-10YR,Switches,"Meraki MS220-8P Enterprise License and Support, 10YR", 350.00 
LIC-MS220-24-1YR,Switches,"EOS Meraki MS220-24 Enterprise License and Support, 1YR", 120.00 
LIC-MS220-24-3YR,Switches,"EOS Meraki MS220-24 Enterprise License and Support, 3YR", 240.00 
LIC-MS220-24-5YR,Switches,"EOS Meraki MS220-24 Enterprise License and Support, 5YR", 360.00 
LIC-MS220-24-7YR,Switches,"EOS Meraki MS220-24 Enterprise License and Support, 7YR", 480.00 
LIC-MS220-24-10YR,Switches,"EOS Meraki MS220-24 Enterprise License and Support, 10YR", 600.00 
LIC-MS220-24P-1YR,Switches,"EOS Meraki MS220-24P Enterprise License and Support, 1YR", 160.00 
LIC-MS220-24P-3YR,Switches,"EOS Meraki MS220-24P Enterprise License and Support, 3YR", 320.00 
LIC-MS220-24P-5YR,Switches,"EOS Meraki MS220-24P Enterprise License and Support, 5YR", 480.00 
LIC-MS220-24P-7YR,Switches,"EOS Meraki MS220-24P Enterprise License and Support, 7YR", 640.00 
LIC-MS220-24P-10YR,Switches,"EOS Meraki MS220-24P Enterprise License and Support, 10YR", 800.00 
LIC-MS220-48-1YR,Switches,"EOS Meraki MS220-48 Enterprise License and Support, 1YR", 210.00 
LIC-MS220-48-3YR,Switches,"EOS Meraki MS220-48 Enterprise License and Support, 3YR", 420.00 
LIC-MS220-48-5YR,Switches,"EOS Meraki MS220-48 Enterprise License and Support, 5YR", 630.00 
LIC-MS220-48-7YR,Switches,"EOS Meraki MS220-48 Enterprise License and Support, 7YR", 840.00 
LIC-MS220-48-10YR,Switches,"EOS Meraki MS220-48 Enterprise License and Support, 10YR"," 1,050.00 "
LIC-MS220-48LP-1YR,Switches,"EOS Meraki MS220-48LP Enterprise License and Support, 1YR", 280.00 
LIC-MS220-48LP-3YR,Switches,"EOS Meraki MS220-48LP Enterprise License and Support, 3YR", 560.00 
LIC-MS220-48LP-5YR,Switches,"EOS Meraki MS220-48LP Enterprise License and Support, 5YR", 840.00 
LIC-MS220-48LP-7YR,Switches,"EOS Meraki MS220-48LP Enterprise License and Support, 7YR"," 1,120.00 "
LIC-MS220-48LP-10Y,Switches,"EOS Meraki MS220-48LP Enterprise License and Support, 10YR"," 1,400.00 "
LIC-MS220-48FP-1YR,Switches,"EOS Meraki MS220-48FP Enterprise License and Support, 1YR", 330.00 
LIC-MS220-48FP-3YR,Switches,"EOS Meraki MS220-48FP Enterprise License and Support, 3YR", 660.00 
LIC-MS220-48FP-5YR,Switches,"EOS Meraki MS220-48FP Enterprise License and Support, 5YR", 990.00 
LIC-MS220-48FP-7YR,Switches,"EOS Meraki MS220-48FP Enterprise License and Support, 7YR"," 1,320.00 "
LIC-MS220-48FP-10Y,Switches,"EOS Meraki MS220-48FP Enterprise License and Support, 10YR"," 1,650.00 "
LIC-MS225-24-1YR,Switches,"Meraki MS225-24 Enterprise License and Support, 1YR", 250.00 
LIC-MS225-24-3YR,Switches,"Meraki MS225-24 Enterprise License and Support, 3YR", 460.00 
LIC-MS225-24-5YR,Switches,"Meraki MS225-24 Enterprise License and Support, 5YR", 710.00 
LIC-MS225-24-7YR,Switches,"Meraki MS225-24 Enterprise License and Support, 7YR", 920.00 
LIC-MS225-24-10YR,Switches,"Meraki MS225-24 Enterprise License and Support, 10YR"," 1,170.00 "
LIC-MS225-24P-1YR,Switches,"Meraki MS225-24P Enterprise License and Support, 1YR", 290.00 
LIC-MS225-24P-3YR,Switches,"Meraki MS225-24P Enterprise License and Support, 3YR", 535.00 
LIC-MS225-24P-5YR,Switches,"Meraki MS225-24P Enterprise License and Support, 5YR", 825.00 
LIC-MS225-24P-7YR,Switches,"Meraki MS225-24P Enterprise License and Support, 7YR"," 1,070.00 "
LIC-MS225-24P-10YR,Switches,"Meraki MS225-24P Enterprise License and Support, 10YR"," 1,360.00 "
LIC-MS225-48-1YR,Switches,"Meraki MS225-48 Enterprise License and Support, 1YR", 345.00 
LIC-MS225-48-3YR,Switches,"Meraki MS225-48 Enterprise License and Support, 3YR", 630.00 
LIC-MS225-48-5YR,Switches,"Meraki MS225-48 Enterprise License and Support, 5YR", 970.00 
LIC-MS225-48-7YR,Switches,"Meraki MS225-48 Enterprise License and Support, 7YR"," 1,260.00 "
LIC-MS225-48-10YR,Switches,"Meraki MS225-48 Enterprise License and Support, 10YR"," 1,600.00 "
LIC-MS225-48LP-1YR,Switches,"Meraki MS225-48LP Enterprise License and Support, 1YR", 415.00 
LIC-MS225-48LP-3YR,Switches,"Meraki MS225-48LP Enterprise License and Support, 3YR", 760.00 
LIC-MS225-48LP-5YR,Switches,"Meraki MS225-48LP Enterprise License and Support, 5YR"," 1,175.00 "
LIC-MS225-48LP-7YR,Switches,"Meraki MS225-48LP Enterprise License and Support, 7YR"," 1,520.00 "
LIC-MS225-48LP-10Y,Switches,"Meraki MS225-48LP Enterprise License and Support, 10YR"," 1,935.00 "
LIC-MS225-48FP-1YR,Switches,"Meraki MS225-48FP Enterprise License and Support, 1YR", 465.00 
LIC-MS225-48FP-3YR,Switches,"Meraki MS225-48FP Enterprise License and Support, 3YR", 855.00 
LIC-MS225-48FP-5YR,Switches,"Meraki MS225-48FP Enterprise License and Support, 5YR"," 1,320.00 "
LIC-MS225-48FP-7YR,Switches,"Meraki MS225-48FP Enterprise License and Support, 7YR"," 1,710.00 "
LIC-MS225-48FP-10Y,Switches,"Meraki MS225-48FP Enterprise License and Support, 10YR"," 2,175.00 "
LIC-MS250-24-1YR,Switches,"Meraki MS250-24 Enterprise License and Support, 1YR", 360.00 
LIC-MS250-24-3YR,Switches,"Meraki MS250-24 Enterprise License and Support, 3YR", 655.00 
LIC-MS250-24-5YR,Switches,"Meraki MS250-24 Enterprise License and Support, 5YR"," 1,015.00 "
LIC-MS250-24-7YR,Switches,"Meraki MS250-24 Enterprise License and Support, 7YR"," 1,315.00 "
LIC-MS250-24-10YR,Switches,"Meraki MS250-24 Enterprise License and Support, 10YR"," 1,675.00 "
LIC-MS250-24P-1YR,Switches,"Meraki MS250-24P Enterprise License and Support, 1YR", 390.00 
LIC-MS250-24P-3YR,Switches,"Meraki MS250-24P Enterprise License and Support, 3YR", 715.00 
LIC-MS250-24P-5YR,Switches,"Meraki MS250-24P Enterprise License and Support, 5YR"," 1,105.00 "
LIC-MS250-24P-7YR,Switches,"Meraki MS250-24P Enterprise License and Support, 7YR"," 1,425.00 "
LIC-MS250-24P-10YR,Switches,"Meraki MS250-24P Enterprise License and Support, 10YR"," 1,815.00 "
LIC-MS250-48-1YR,Switches,"Meraki MS250-48 Enterprise License and Support, 1YR", 500.00 
LIC-MS250-48-3YR,Switches,"Meraki MS250-48 Enterprise License and Support, 3YR", 920.00 
LIC-MS250-48-5YR,Switches,"Meraki MS250-48 Enterprise License and Support, 5YR"," 1,420.00 "
LIC-MS250-48-7YR,Switches,"Meraki MS250-48 Enterprise License and Support, 7YR"," 1,840.00 "
LIC-MS250-48-10YR,Switches,"Meraki MS250-48 Enterprise License and Support, 10YR"," 2,340.00 "
LIC-MS250-48LP-1YR,Switches,"Meraki MS250-48LP Enterprise License and Support, 1YR", 575.00 
LIC-MS250-48LP-3YR,Switches,"Meraki MS250-48LP Enterprise License and Support, 3YR"," 1,050.00 "
LIC-MS250-48LP-5YR,Switches,"Meraki MS250-48LP Enterprise License and Support, 5YR"," 1,625.00 "
LIC-MS250-48LP-7YR,Switches,"Meraki MS250-48LP Enterprise License and Support, 7YR"," 2,105.00 "
LIC-MS250-48LP-10Y,Switches,"Meraki MS250-48LP Enterprise License and Support, 10YR"," 2,680.00 "
LIC-MS250-48FP-1YR,Switches,"Meraki MS250-48FP Enterprise License and Support, 1YR", 625.00 
LIC-MS250-48FP-3YR,Switches,"Meraki MS250-48FP Enterprise License and Support, 3YR"," 1,145.00 "
LIC-MS250-48FP-5YR,Switches,"Meraki MS250-48FP Enterprise License and Support, 5YR"," 1,770.00 "
LIC-MS250-48FP-7YR,Switches,"Meraki MS250-48FP Enterprise License and Support, 7YR"," 2,290.00 "
LIC-MS250-48FP-10Y,Switches,"Meraki MS250-48FP Enterprise License and Support, 10YR"," 2,920.00 "
LIC-MS320-24-1YR,Switches,"EOS Meraki MS320-24 Enterprise License and Support, 1YR", 250.00 
LIC-MS320-24-3YR,Switches,"EOS Meraki MS320-24 Enterprise License and Support, 3YR", 500.00 
LIC-MS320-24-5YR,Switches,"EOS Meraki MS320-24 Enterprise License and Support, 5YR", 750.00 
LIC-MS320-24-7YR,Switches,"EOS Meraki MS320-24 Enterprise License and Support, 7YR"," 1,000.00 "
LIC-MS320-24-10YR,Switches,"EOS Meraki MS320-24 Enterprise License and Support, 10YR"," 1,255.00 "
LIC-MS320-24P-1YR,Switches,"EOS Meraki MS320-24P Enterprise License and Support, 1YR", 275.00 
LIC-MS320-24P-3YR,Switches,"EOS Meraki MS320-24P Enterprise License and Support, 3YR", 550.00 
LIC-MS320-24P-5YR,Switches,"EOS Meraki MS320-24P Enterprise License and Support, 5YR", 830.00 
LIC-MS320-24P-7YR,Switches,"EOS Meraki MS320-24P Enterprise License and Support, 7YR"," 1,105.00 "
LIC-MS320-24P-10YR,Switches,"EOS Meraki MS320-24P Enterprise License and Support, 10YR"," 1,380.00 "
LIC-MS320-48-1YR,Switches,"EOS Meraki MS320-48 Enterprise License and Support, 1YR", 370.00 
LIC-MS320-48-3YR,Switches,"EOS Meraki MS320-48 Enterprise License and Support, 3YR", 740.00 
LIC-MS320-48-5YR,Switches,"EOS Meraki MS320-48 Enterprise License and Support, 5YR"," 1,110.00 "
LIC-MS320-48-7YR,Switches,"EOS Meraki MS320-48 Enterprise License and Support, 7YR"," 1,480.00 "
LIC-MS320-48-10YR,Switches,"EOS Meraki MS320-48 Enterprise License and Support, 10YR"," 1,850.00 "
LIC-MS320-48LP-1YR,Switches,"EOS Meraki MS320-48LP Enterprise License and Support, 1YR", 430.00 
LIC-MS320-48LP-3YR,Switches,"EOS Meraki MS320-48LP Enterprise License and Support, 3YR", 860.00 
LIC-MS320-48LP-5YR,Switches,"EOS Meraki MS320-48LP Enterprise License and Support, 5YR"," 1,290.00 "
LIC-MS320-48LP-7YR,Switches,"EOS Meraki MS320-48LP Enterprise License and Support, 7YR"," 1,715.00 "
LIC-MS320-48LP-10Y,Switches,"EOS Meraki MS320-48LP Enterprise License and Support, 10YR"," 2,150.00 "
LIC-MS320-48FP-1YR,Switches,"EOS Meraki MS320-48FP Enterprise License and Support, 1YR", 470.00 
LIC-MS320-48FP-3YR,Switches,"EOS Meraki MS320-48FP Enterprise License and Support, 3YR", 945.00 
LIC-MS320-48FP-5YR,Switches,"EOS Meraki MS320-48FP Enterprise License and Support, 5YR"," 1,415.00 "
LIC-MS320-48FP-7YR,Switches,"EOS Meraki MS320-48FP Enterprise License and Support, 7YR"," 1,890.00 "
LIC-MS320-48FP-10Y,Switches,"EOS Meraki MS320-48FP Enterprise License and Support, 10YR"," 2,360.00 "
LIC-MS350-24-1YR,Switches,"Meraki MS350-24 Enterprise License and Support, 1YR", 330.00 
LIC-MS350-24-3YR,Switches,"Meraki MS350-24 Enterprise License and Support, 3YR", 670.00 
LIC-MS350-24-5YR,Switches,"Meraki MS350-24 Enterprise License and Support, 5YR"," 1,000.00 "
LIC-MS350-24-7YR,Switches,"Meraki MS350-24 Enterprise License and Support, 7YR"," 1,335.00 "
LIC-MS350-24-10YR,Switches,"Meraki MS350-24 Enterprise License and Support, 10YR"," 1,670.00 "
LIC-MS350-24P-1YR,Switches,"Meraki MS350-24P Enterprise License and Support, 1YR", 380.00 
LIC-MS350-24P-3YR,Switches,"Meraki MS350-24P Enterprise License and Support, 3YR", 760.00 
LIC-MS350-24P-5YR,Switches,"Meraki MS350-24P Enterprise License and Support, 5YR"," 1,140.00 "
LIC-MS350-24P-7YR,Switches,"Meraki MS350-24P Enterprise License and Support, 7YR"," 1,520.00 "
LIC-MS350-24P-10YR,Switches,"Meraki MS350-24P Enterprise License and Support, 10YR"," 1,900.00 "
LIC-MS350-24X-1YR,Switches,"Meraki MS350-24X Enterprise License and Support, 1YR", 450.00 
LIC-MS350-24X-3YR,Switches,"Meraki MS350-24X Enterprise License and Support, 3YR", 900.00 
LIC-MS350-24X-5YR,Switches,"Meraki MS350-24X Enterprise License and Support, 5YR"," 1,350.00 "
LIC-MS350-24X-7YR,Switches,"Meraki MS350-24X Enterprise License and Support, 7YR"," 1,800.00 "
LIC-MS350-24X-10YR,Switches,"Meraki MS350-24X Enterprise License and Support, 10YR"," 2,175.00 "
LIC-MS350-48-1YR,Switches,"Meraki MS350-48 Enterprise License and Support, 1YR", 540.00 
LIC-MS350-48-3YR,Switches,"Meraki MS350-48 Enterprise License and Support, 3YR"," 1,080.00 "
LIC-MS350-48-5YR,Switches,"Meraki MS350-48 Enterprise License and Support, 5YR"," 1,620.00 "
LIC-MS350-48-7YR,Switches,"Meraki MS350-48 Enterprise License and Support, 7YR"," 2,160.00 "
LIC-MS350-48-10YR,Switches,"Meraki MS350-48 Enterprise License and Support, 10YR"," 2,700.00 "
LIC-MS350-48LP-1YR,Switches,"Meraki MS350-48LP Enterprise License and Support, 1YR", 630.00 
LIC-MS350-48LP-3YR,Switches,"Meraki MS350-48LP Enterprise License and Support, 3YR"," 1,255.00 "
LIC-MS350-48LP-5YR,Switches,"Meraki MS350-48LP Enterprise License and Support, 5YR"," 1,880.00 "
LIC-MS350-48LP-7YR,Switches,"Meraki MS350-48LP Enterprise License and Support, 7YR"," 2,510.00 "
LIC-MS350-48LP-10Y,Switches,"Meraki MS350-48LP Enterprise License and Support, 10YR"," 3,135.00 "
LIC-MS350-48FP-1YR,Switches,"Meraki MS350-48FP Enterprise License and Support, 1YR", 685.00 
LIC-MS350-48FP-3YR,Switches,"Meraki MS350-48FP Enterprise License and Support, 3YR"," 1,370.00 "
LIC-MS350-48FP-5YR,Switches,"Meraki MS350-48FP Enterprise License and Support, 5YR"," 2,055.00 "
LIC-MS350-48FP-7YR,Switches,"Meraki MS350-48FP Enterprise License and Support, 7YR"," 2,740.00 "
LIC-MS350-48FP-10Y,Switches,"Meraki MS350-48FP Enterprise License and Support, 10YR"," 3,420.00 "
LIC-MS410-16-1YR,Switches,"Meraki MS410-16 Enterprise License and Support, 1YR", 500.00 
LIC-MS410-16-3YR,Switches,"Meraki MS410-16 Enterprise License and Support, 3YR"," 1,000.00 "
LIC-MS410-16-5YR,Switches,"Meraki MS410-16 Enterprise License and Support, 5YR"," 1,500.00 "
LIC-MS410-16-7YR,Switches,"Meraki MS410-16 Enterprise License and Support, 7YR"," 2,000.00 "
LIC-MS410-16-10YR,Switches,"Meraki MS410-16 Enterprise License and Support, 10YR"," 3,000.00 "
LIC-MS410-32-1YR,Switches,"Meraki MS410-32 Enterprise License and Support, 1YR", 880.00 
LIC-MS410-32-3YR,Switches,"Meraki MS410-32 Enterprise License and Support, 3YR"," 1,765.00 "
LIC-MS410-32-5YR,Switches,"Meraki MS410-32 Enterprise License and Support, 5YR"," 2,645.00 "
LIC-MS410-32-7YR,Switches,"Meraki MS410-32 Enterprise License and Support, 7YR"," 3,530.00 "
LIC-MS410-32-10YR,Switches,"Meraki MS410-32 Enterprise License and Support, 10YR"," 5,290.00 "
LIC-MS420-24-1YR,Switches,"EOS Meraki MS420-24 Enterprise License and Support, 1YR"," 1,200.00 "
LIC-MS420-24-3YR,Switches,"EOS Meraki MS420-24 Enterprise License and Support, 3YR"," 2,400.00 "
LIC-MS420-24-5YR,Switches,"EOS Meraki MS420-24 Enterprise License and Support, 5YR"," 3,600.00 "
LIC-MS420-24-7YR,Switches,"EOS Meraki MS420-24 Enterprise License and Support, 7YR"," 4,800.00 "
LIC-MS420-24-10YR,Switches,"EOS Meraki MS420-24 Enterprise License and Support, 10YR"," 6,000.00 "
LIC-MS420-48-1YR,Switches,"EOS Meraki MS420-48 Enterprise License and Support, 1YR"," 2,200.00 "
LIC-MS420-48-3YR,Switches,"EOS Meraki MS420-48 Enterprise License and Support, 3YR"," 4,400.00 "
LIC-MS420-48-5YR,Switches,"EOS Meraki MS420-48 Enterprise License and Support, 5YR"," 6,600.00 "
LIC-MS420-48-7YR,Switches,"EOS Meraki MS420-48 Enterprise License and Support, 7YR"," 8,800.00 "
LIC-MS420-48-10YR,Switches,"EOS Meraki MS420-48 Enterprise License and Support, 10YR"," 11,000.00 "
LIC-MS425-16-1YR,Switches,"Meraki MS425-16 Enterprise License and Support, 1YR", 825.00 
LIC-MS425-16-3YR,Switches,"Meraki MS425-16 Enterprise License and Support, 3YR"," 1,650.00 "
LIC-MS425-16-5YR,Switches,"Meraki MS425-16 Enterprise License and Support, 5YR"," 2,470.00 "
LIC-MS425-16-7YR,Switches,"Meraki MS425-16 Enterprise License and Support, 7YR"," 3,295.00 "
LIC-MS425-16-10YR,Switches,"Meraki MS425-16 Enterprise License and Support, 10YR"," 4,940.00 "
LIC-MS425-32-1YR,Switches,"Meraki MS425-32 Enterprise License and Support, 1YR"," 1,295.00 "
LIC-MS425-32-3YR,Switches,"Meraki MS425-32 Enterprise License and Support, 3YR"," 2,590.00 "
LIC-MS425-32-5YR,Switches,"Meraki MS425-32 Enterprise License and Support, 5YR"," 3,880.00 "
LIC-MS425-32-7YR,Switches,"Meraki MS425-32 Enterprise License and Support, 7YR"," 5,175.00 "
LIC-MS425-32-10YR,Switches,"Meraki MS425-32 Enterprise License and Support, 10YR"," 7,765.00 "
MV21-HW,Video,Meraki MV21 Cloud Managed Indoor HD Dome Camera," 1,299.00 "
MV71-HW,Video,Meraki MV71 Cloud Managed Outdoor HD Dome Camera," 1,499.00 "
LIC-MV-1YR,Video,"Meraki MV Enterprise License and Support, 1YR", 300.00 
LIC-MV-3YR,Video,"Meraki MV Enterprise License and Support, 3YR", 600.00 
LIC-MV-5YR,Video,"Meraki MV Enterprise License and Support, 5YR", 900.00 
LIC-MV-7YR,Video,"Meraki MV Enterprise License and Support, 7YR"," 1,260.00 "
LIC-MV-10YR,Video,"Meraki MV Enterprise License and Support, 10YR"," 1,800.00 "
LIC-SME-1YR,SME,"Cisco Meraki Systems Manager Enterprise Device License, 1YR", 40.00 
LIC-SME-3YR,SME,"Cisco Meraki Systems Manager Enterprise Device License, 3YR", 80.00 
LIC-SME-5YR,SME,"Cisco Meraki Systems Manager Enterprise Device License, 5YR", 120.00 
Z1-HW-US,Wireless,Meraki Z1 Cloud Managed Teleworker Gateway (US Plug), 395.00 
Z1-HW-EU,Wireless,Meraki Z1 Cloud Managed Teleworker Gateway (EU Plug), 395.00 
Z1-HW-UK,Wireless,Meraki Z1 Cloud Managed Teleworker Gateway (UK Plug), 395.00 
Z1-HW-AU,Wireless,Meraki Z1 Cloud Managed Teleworker Gateway (AU Plug), 395.00 
Z3-HW,Wireless,Meraki Z3 Cloud Managed Teleworker Gateway, 495.00 
LIC-Z1-ENT-1YR,Wireless,"Meraki Z1 Enterprise License and Support, 1YR", 50.00 
LIC-Z1-ENT-3YR,Wireless,"Meraki Z1 Enterprise License and Support, 3YR", 100.00 
LIC-Z1-ENT-5YR,Wireless,"Meraki Z1 Enterprise License and Support, 5YR", 150.00 
LIC-Z1-ENT-7YR,Wireless,"Meraki Z1 Enterprise License and Support, 7YR", 210.00 
LIC-Z1-ENT-10YR,Wireless,"Meraki Z1 Enterprise License and Support, 10YR", 300.00 
LIC-Z3-ENT-1YR,Wireless,"Meraki Z3 Enterprise License and Support, 1YR", 150.00 
LIC-Z3-ENT-3YR,Wireless,"Meraki Z3 Enterprise License and Support, 3YR", 300.00 
LIC-Z3-ENT-5YR,Wireless,"Meraki Z3 Enterprise License and Support, 5YR", 450.00 
LIC-Z3-ENT-7YR,Wireless,"Meraki Z3 Enterprise License and Support, 7YR", 630.00 
LIC-Z3-ENT-10YR,Wireless,"Meraki Z3 Enterprise License and Support, 10YR", 900.00 
MX64-HW,UTM,Meraki MX64 Cloud Managed Security Appliance, 595.00 
MX64W-HW,UTM,Meraki MX64W Cloud Managed Security Appliance with 802.11ac, 945.00 
MX65-HW,UTM,Meraki MX65 Cloud Managed Security Appliance, 945.00 
MX65W-HW,UTM,Meraki MX65W Cloud Managed Security Appliance with 802.11ac," 1,245.00 "
MX84-HW,UTM,Meraki MX84 Cloud Managed Security Appliance," 1,995.00 "
MX100-HW,UTM,Meraki MX100 Cloud Managed Security Appliance," 4,995.00 "
MX250-HW,UTM,Meraki MX250 Cloud Managed Security Appliance," 9,995.00 "
MX400-HW,UTM,Meraki MX400 Cloud Managed Security Appliance," 15,995.00 "
MX450-HW,UTM,Meraki MX450 Cloud Managed Security Appliance," 19,995.00 "
MX600-HW,UTM,Meraki MX600 Cloud Managed Security Appliance," 31,995.00 "
LIC-MX50-ENT-1YR,UTM,"EOS Meraki MX50 Enterprise License, 1YR", 500.00 
LIC-MX50-ENT-3YR,UTM,"EOS Meraki MX50 Enterprise License, 3YR"," 1,000.00 "
LIC-MX50-ENT-5YR,UTM,"EOS Meraki MX50 Enterprise License, 5YR"," 1,500.00 "
LIC-MX50-SEC-1YR,UTM,"EOS Meraki MX50 Advanced Security License, 1YR"," 1,000.00 "
LIC-MX50-SEC-3YR,UTM,"EOS Meraki MX50 Advanced Security License, 3YR"," 2,000.00 "
LIC-MX50-SEC-5YR,UTM,"EOS Meraki MX50 Advanced Security License, 5YR"," 3,000.00 "
LIC-MX60-ENT-1YR,UTM,"EOS Meraki MX60 Enterprise License and Support, 1YR", 250.00 
LIC-MX60-ENT-3YR,UTM,"EOS Meraki MX60 Enterprise License and Support, 3YR", 500.00 
LIC-MX60-ENT-5YR,UTM,"EOS Meraki MX60 Enterprise License and Support, 5YR", 750.00 
LIC-MX60-ENT-7YR,UTM,"EOS Meraki MX60 Enterprise License and Support, 7YR"," 1,050.00 "
LIC-MX60-ENT-10YR,UTM,"EOS Meraki MX60 Enterprise License and Support, 10YR"," 1,500.00 "
LIC-MX60-SEC-1YR,UTM,"EOS Meraki MX60 Advanced Security License and Support, 1YR", 500.00 
LIC-MX60-SEC-3YR,UTM,"EOS Meraki MX60 Advanced Security License and Support, 3YR"," 1,000.00 "
LIC-MX60-SEC-5YR,UTM,"EOS Meraki MX60 Advanced Security License and Support, 5YR"," 1,500.00 "
LIC-MX60-SEC-7YR,UTM,"EOS Meraki MX60 Advanced Security License and Support, 7YR"," 2,100.00 "
LIC-MX60-SEC-10YR,UTM,"EOS Meraki MX60 Advanced Security License and Support, 10YR"," 3,000.00 "
LIC-MX60W-ENT-1YR,UTM,"EOS Meraki MX60W Enterprise License and Support, 1YR", 275.00 
LIC-MX60W-ENT-3YR,UTM,"EOS Meraki MX60W Enterprise License and Support, 3YR", 550.00 
LIC-MX60W-ENT-5YR,UTM,"EOS Meraki MX60W Enterprise License and Support, 5YR", 825.00 
LIC-MX60W-ENT-7YR,UTM,"EOS Meraki MX60W Enterprise License and Support, 7YR"," 1,155.00 "
LIC-MX60W-ENT-10YR,UTM,"EOS Meraki MX60W Enterprise License and Support, 10YR"," 1,650.00 "
LIC-MX60W-SEC-1YR,UTM,"EOS Meraki MX60W Advanced Security License and Support, 1YR", 550.00 
LIC-MX60W-SEC-3YR,UTM,"EOS Meraki MX60W Advanced Security License and Support, 3YR"," 1,100.00 "
LIC-MX60W-SEC-5YR,UTM,"EOS Meraki MX60W Advanced Security License and Support, 5YR"," 1,650.00 "
LIC-MX60W-SEC-7YR,UTM,"EOS Meraki MX60W Advanced Security License and Support, 7YR"," 2,310.00 "
LIC-MX60W-SEC-10YR,UTM,"EOS Meraki MX60W Advanced Security License and Support, 10YR"," 3,300.00 "
LIC-MX64-ENT-1YR,UTM,"Meraki MX64 Enterprise License and Support, 1YR", 300.00 
LIC-MX64-ENT-3YR,UTM,"Meraki MX64 Enterprise License and Support, 3YR", 600.00 
LIC-MX64-ENT-5YR,UTM,"Meraki MX64 Enterprise License and Support, 5YR", 900.00 
LIC-MX64-ENT-7YR,UTM,"Meraki MX64 Enterprise License and Support, 7YR"," 1,260.00 "
LIC-MX64-ENT-10YR,UTM,"Meraki MX64 Enterprise License and Support, 10YR"," 1,800.00 "
LIC-MX64-SEC-1YR,UTM,"Meraki MX64 Advanced Security License and Support, 1YR", 600.00 
LIC-MX64-SEC-3YR,UTM,"Meraki MX64 Advanced Security License and Support, 3YR"," 1,200.00 "
LIC-MX64-SEC-5YR,UTM,"Meraki MX64 Advanced Security License and Support, 5YR"," 1,800.00 "
LIC-MX64-SEC-7YR,UTM,"Meraki MX64 Advanced Security License and Support, 7YR"," 2,520.00 "
LIC-MX64-SEC-10YR,UTM,"Meraki MX64 Advanced Security License and Support, 10YR"," 3,600.00 "
LIC-MX64W-ENT-1YR,UTM,"Meraki MX64W Enterprise License and Support, 1YR", 325.00 
LIC-MX64W-ENT-3YR,UTM,"Meraki MX64W Enterprise License and Support, 3YR", 650.00 
LIC-MX64W-ENT-5YR,UTM,"Meraki MX64W Enterprise License and Support, 5YR", 975.00 
LIC-MX64W-ENT-7YR,UTM,"Meraki MX64W Enterprise License and Support, 7YR"," 1,365.00 "
LIC-MX64W-ENT-10YR,UTM,"Meraki MX64W Enterprise License and Support, 10YR"," 1,950.00 "
LIC-MX64W-SEC-1YR,UTM,"Meraki MX64W Advanced Security License and Support, 1YR", 650.00 
LIC-MX64W-SEC-3YR,UTM,"Meraki MX64W Advanced Security License and Support, 3YR"," 1,300.00 "
LIC-MX64W-SEC-5YR,UTM,"Meraki MX64W Advanced Security License and Support, 5YR"," 1,950.00 "
LIC-MX64W-SEC-7YR,UTM,"Meraki MX64W Advanced Security License and Support, 7YR"," 2,730.00 "
LIC-MX64W-SEC-10YR,UTM,"Meraki MX64W Advanced Security License and Support, 10YR"," 3,900.00 "
LIC-MX65-ENT-1YR,UTM,"Meraki MX65 Enterprise License and Support, 1YR", 325.00 
LIC-MX65-ENT-3YR,UTM,"Meraki MX65 Enterprise License and Support, 3YR", 650.00 
LIC-MX65-ENT-5YR,UTM,"Meraki MX65 Enterprise License and Support, 5YR", 975.00 
LIC-MX65-ENT-7YR,UTM,"Meraki MX65 Enterprise License and Support, 7YR"," 1,365.00 "
LIC-MX65-ENT-10YR,UTM,"Meraki MX65 Enterprise License and Support, 10YR"," 1,950.00 "
LIC-MX65-SEC-1YR,UTM,"Meraki MX65 Advanced Security License and Support, 1YR", 650.00 
LIC-MX65-SEC-3YR,UTM,"Meraki MX65 Advanced Security License and Support, 3YR"," 1,300.00 "
LIC-MX65-SEC-5YR,UTM,"Meraki MX65 Advanced Security License and Support, 5YR"," 1,950.00 "
LIC-MX65-SEC-7YR,UTM,"Meraki MX65 Advanced Security License and Support, 7YR"," 2,730.00 "
LIC-MX65-SEC-10YR,UTM,"Meraki MX65 Advanced Security License and Support, 10YR"," 3,900.00 "
LIC-MX65W-ENT-1YR,UTM,"Meraki MX65W Enterprise License and Support, 1YR", 400.00 
LIC-MX65W-ENT-3YR,UTM,"Meraki MX65W Enterprise License and Support, 3YR", 800.00 
LIC-MX65W-ENT-5YR,UTM,"Meraki MX65W Enterprise License and Support, 5YR"," 1,200.00 "
LIC-MX65W-ENT-7YR,UTM,"Meraki MX65W Enterprise License and Support, 7YR"," 1,680.00 "
LIC-MX65W-ENT-10YR,UTM,"Meraki MX65W Enterprise License and Support, 10YR"," 2,400.00 "
LIC-MX65W-SEC-1YR,UTM,"Meraki MX65W Advanced Security License and Support, 1YR", 800.00 
LIC-MX65W-SEC-3YR,UTM,"Meraki MX65W Advanced Security License and Support, 3YR"," 1,600.00 "
LIC-MX65W-SEC-5YR,UTM,"Meraki MX65W Advanced Security License and Support, 5YR"," 2,400.00 "
LIC-MX65W-SEC-7YR,UTM,"Meraki MX65W Advanced Security License and Support, 7YR"," 3,360.00 "
LIC-MX65W-SEC-10YR,UTM,"Meraki MX65W Advanced Security License and Support, 10YR"," 4,800.00 "
LIC-MX70-ENT-1YR,UTM,"EOS Meraki MX70 Enterprise License, 1YR", 500.00 
LIC-MX70-ENT-3YR,UTM,"EOS Meraki MX70 Enterprise License, 3YR"," 1,000.00 "
LIC-MX70-ENT-5YR,UTM,"EOS Meraki MX70 Enterprise License, 5YR"," 1,500.00 "
LIC-MX70-SEC-1YR,UTM,"EOS Meraki MX70 Advanced Security License, 1YR"," 1,000.00 "
LIC-MX70-SEC-3YR,UTM,"EOS Meraki MX70 Advanced Security License, 3YR"," 2,000.00 "
LIC-MX70-SEC-5YR,UTM,"EOS Meraki MX70 Advanced Security License, 5YR"," 3,000.00 "
LIC-MX80-ENT-1YR,UTM,"EOS Meraki MX80 Enterprise License and Support, 1YR"," 1,000.00 "
LIC-MX80-ENT-3YR,UTM,"EOS Meraki MX80 Enterprise License and Support, 3YR"," 2,000.00 "
LIC-MX80-ENT-5YR,UTM,"EOS Meraki MX80 Enterprise License and Support, 5YR"," 3,000.00 "
LIC-MX80-ENT-7YR,UTM,"EOS Meraki MX80 Enterprise License and Support, 7YR"," 4,200.00 "
LIC-MX80-ENT-10YR,UTM,"EOS Meraki MX80 Enterprise License and Support, 10YR"," 6,000.00 "
LIC-MX80-SEC-1YR,UTM,"EOS Meraki MX80 Advanced Security License and Support, 1YR"," 2,000.00 "
LIC-MX80-SEC-3YR,UTM,"EOS Meraki MX80 Advanced Security License and Support, 3YR"," 4,000.00 "
LIC-MX80-SEC-5YR,UTM,"EOS Meraki MX80 Advanced Security License and Support, 5YR"," 6,000.00 "
LIC-MX80-SEC-7YR,UTM,"EOS Meraki MX80 Advanced Security License and Support, 7YR"," 8,400.00 "
LIC-MX80-SEC-10YR,UTM,"EOS Meraki MX80 Advanced Security License and Support, 10YR"," 12,000.00 "
LIC-MX84-ENT-1YR,UTM,"Meraki MX84 Enterprise License and Support, 1YR"," 1,000.00 "
LIC-MX84-ENT-3YR,UTM,"Meraki MX84 Enterprise License and Support, 3YR"," 2,000.00 "
LIC-MX84-ENT-5YR,UTM,"Meraki MX84 Enterprise License and Support, 5YR"," 3,000.00 "
LIC-MX84-ENT-7YR,UTM,"Meraki MX84 Enterprise License and Support, 7YR"," 4,200.00 "
LIC-MX84-ENT-10YR,UTM,"Meraki MX84 Enterprise License and Support, 10YR"," 6,000.00 "
LIC-MX84-SEC-1YR,UTM,"Meraki MX84 Advanced Security License and Support, 1YR"," 2,000.00 "
LIC-MX84-SEC-3YR,UTM,"Meraki MX84 Advanced Security License and Support, 3YR"," 4,000.00 "
LIC-MX84-SEC-5YR,UTM,"Meraki MX84 Advanced Security License and Support, 5YR"," 6,000.00 "
LIC-MX84-SEC-7YR,UTM,"Meraki MX84 Advanced Security License and Support, 7YR"," 8,400.00 "
LIC-MX84-SEC-10YR,UTM,"Meraki MX84 Advanced Security License and Support, 10YR"," 12,000.00 "
LIC-MX90-ENT-1YR,UTM,"EOS Meraki MX90 Enterprise License and Support, 1YR"," 2,000.00 "
LIC-MX90-ENT-3YR,UTM,"EOS Meraki MX90 Enterprise License and Support, 3YR"," 4,000.00 "
LIC-MX90-ENT-5YR,UTM,"EOS Meraki MX90 Enterprise License and Support, 5YR"," 6,000.00 "
LIC-MX90-ENT-7YR,UTM,"EOS Meraki MX90 Enterprise License and Support, 7YR"," 8,400.00 "
LIC-MX90-ENT-10YR,UTM,"EOS Meraki MX90 Enterprise License and Support, 10YR"," 12,000.00 "
LIC-MX90-SEC-1YR,UTM,"EOS Meraki MX90 Advanced Security License and Support, 1YR"," 4,000.00 "
LIC-MX90-SEC-3YR,UTM,"EOS Meraki MX90 Advanced Security License and Support, 3YR"," 8,000.00 "
LIC-MX90-SEC-5YR,UTM,"EOS Meraki MX90 Advanced Security License and Support, 5YR"," 12,000.00 "
LIC-MX90-SEC-7YR,UTM,"EOS Meraki MX90 Advanced Security License and Support, 7YR"," 16,800.00 "
LIC-MX90-SEC-10YR,UTM,"EOS Meraki MX90 Advanced Security License and Support, 10YR"," 24,000.00 "
LIC-MX100-ENT-1YR,UTM,"Meraki MX100 Enterprise License and Support, 1YR"," 2,500.00 "
LIC-MX100-ENT-3YR,UTM,"Meraki MX100 Enterprise License and Support, 3YR"," 5,000.00 "
LIC-MX100-ENT-5YR,UTM,"Meraki MX100 Enterprise License and Support, 5YR"," 7,500.00 "
LIC-MX100-ENT-7YR,UTM,"Meraki MX100 Enterprise License and Support, 7YR"," 10,500.00 "
LIC-MX100-ENT-10YR,UTM,"Meraki MX100 Enterprise License and Support, 10YR"," 15,000.00 "
LIC-MX100-SEC-1YR,UTM,"Meraki MX100 Advanced Security License and Support, 1YR"," 5,000.00 "
LIC-MX100-SEC-3YR,UTM,"Meraki MX100 Advanced Security License and Support, 3YR"," 10,000.00 "
LIC-MX100-SEC-5YR,UTM,"Meraki MX100 Advanced Security License and Support, 5YR"," 15,000.00 "
LIC-MX100-SEC-7YR,UTM,"Meraki MX100 Advanced Security License and Support, 7YR"," 21,000.00 "
LIC-MX100-SEC-10YR,UTM,"Meraki MX100 Advanced Security License and Support, 10YR"," 30,000.00 "
LIC-MX250-ENT-1YR,UTM,"Meraki MX250 Enterprise License and Support, 1YR"," 5,000.00 "
LIC-MX250-ENT-3YR,UTM,"Meraki MX250 Enterprise License and Support, 3YR"," 10,000.00 "
LIC-MX250-ENT-5YR,UTM,"Meraki MX250 Enterprise License and Support, 5YR"," 15,000.00 "
LIC-MX250-ENT-7YR,UTM,"Meraki MX250 Enterprise License and Support, 7YR"," 21,000.00 "
LIC-MX250-ENT-10YR,UTM,"Meraki MX250 Enterprise License and Support, 10YR"," 30,000.00 "
LIC-MX250-SEC-1YR,UTM,"Meraki MX250 Advanced Security License and Support, 1YR"," 10,000.00 "
LIC-MX250-SEC-3YR,UTM,"Meraki MX250 Advanced Security License and Support, 3YR"," 20,000.00 "
LIC-MX250-SEC-5YR,UTM,"Meraki MX250 Advanced Security License and Support, 5YR"," 30,000.00 "
LIC-MX250-SEC-7YR,UTM,"Meraki MX250 Advanced Security License and Support, 7YR"," 42,000.00 "
LIC-MX250-SEC-10YR,UTM,"Meraki MX250 Advanced Security License and Support, 10YR"," 60,000.00 "
LIC-MX400-ENT-1YR,UTM,"Meraki MX400 Enterprise License and Support, 1YR"," 8,000.00 "
LIC-MX400-ENT-3YR,UTM,"Meraki MX400 Enterprise License and Support, 3YR"," 16,000.00 "
LIC-MX400-ENT-5YR,UTM,"Meraki MX400 Enterprise License and Support, 5YR"," 24,000.00 "
LIC-MX400-ENT-7YR,UTM,"Meraki MX400 Enterprise License and Support, 7YR"," 33,600.00 "
LIC-MX400-ENT-10YR,UTM,"Meraki MX400 Enterprise License and Support, 10YR"," 48,000.00 "
LIC-MX400-SEC-1YR,UTM,"Meraki MX400 Advanced Security License and Support, 1YR"," 16,000.00 "
LIC-MX400-SEC-3YR,UTM,"Meraki MX400 Advanced Security License and Support, 3YR"," 32,000.00 "
LIC-MX400-SEC-5YR,UTM,"Meraki MX400 Advanced Security License and Support, 5YR"," 48,000.00 "
LIC-MX400-SEC-7YR,UTM,"Meraki MX400 Advanced Security License and Support, 7YR"," 67,200.00 "
LIC-MX400-SEC-10YR,UTM,"Meraki MX400 Advanced Security License and Support, 10YR"," 96,000.00 "
LIC-MX450-ENT-1YR,UTM,"Meraki MX450 Enterprise License and Support, 1YR"," 10,000.00 "
LIC-MX450-ENT-3YR,UTM,"Meraki MX450 Enterprise License and Support, 3YR"," 20,000.00 "
LIC-MX450-ENT-5YR,UTM,"Meraki MX450 Enterprise License and Support, 5YR"," 30,000.00 "
LIC-MX450-ENT-7YR,UTM,"Meraki MX450 Enterprise License and Support, 7YR"," 42,000.00 "
LIC-MX450-ENT-10YR,UTM,"Meraki MX450 Enterprise License and Support, 10YR"," 60,000.00 "
LIC-MX450-SEC-1YR,UTM,"Meraki MX450 Advanced Security License and Support, 1YR"," 20,000.00 "
LIC-MX450-SEC-3YR,UTM,"Meraki MX450 Advanced Security License and Support, 3YR"," 40,000.00 "
LIC-MX450-SEC-5YR,UTM,"Meraki MX450 Advanced Security License and Support, 5YR"," 60,000.00 "
LIC-MX450-SEC-7YR,UTM,"Meraki MX450 Advanced Security License and Support, 7YR"," 84,000.00 "
LIC-MX450-SEC-10YR,UTM,"Meraki MX450 Advanced Security License and Support, 10YR"," 120,000.00 "
LIC-MX600-ENT-1YR,UTM,"Meraki MX600 Enterprise License and Support, 1YR"," 16,000.00 "
LIC-MX600-ENT-3YR,UTM,"Meraki MX600 Enterprise License and Support, 3YR"," 32,000.00 "
LIC-MX600-ENT-5YR,UTM,"Meraki MX600 Enterprise License and Support, 5YR"," 48,000.00 "
LIC-MX600-ENT-7YR,UTM,"Meraki MX600 Enterprise License and Support, 7YR"," 67,200.00 "
LIC-MX600-ENT-10YR,UTM,"Meraki MX600 Enterprise License and Support, 10YR"," 96,000.00 "
LIC-MX600-SEC-1YR,UTM,"Meraki MX600 Advanced Security License and Support, 1YR"," 32,000.00 "
LIC-MX600-SEC-3YR,UTM,"Meraki MX600 Advanced Security License and Support, 3YR"," 64,000.00 "
LIC-MX600-SEC-5YR,UTM,"Meraki MX600 Advanced Security License and Support, 5YR"," 96,000.00 "
LIC-MX600-SEC-7YR,UTM,"Meraki MX600 Advanced Security License and Support, 7YR"," 134,400.00 "
LIC-MX600-SEC-10YR,UTM,"Meraki MX600 Advanced Security License and Support, 10YR"," 192,000.00 "
LIC-VMX100-1YR,UTM,"Meraki vMX100 License and Support, 1YR"," 2,500.00 "
LIC-VMX100-3YR,UTM,"Meraki vMX100 License and Support, 3YR"," 5,000.00 "
LIC-VMX100-5YR,UTM,"Meraki vMX100 License and Support, 5YR"," 7,500.00 "
IM-8-CU-1GB,Accessories,Meraki 8 x 1 GbE Copper Interface Module for MX400 and MX600," 3,999.00 "
IM-8-SFP-1GB,Accessories,Meraki 8 x 1 GbE SFP Interface Module for MX400 and MX600," 4,999.00 "
IM-2-SFP-10GB,Accessories,Meraki 2 x 10 GbE SFP+ Interface Module for MX400 and MX600," 3,999.00 "
MA-PWR-CORD-EU,Accessories,Meraki AC Power Cord for MX and MS (EU Plug), 19.00 
MA-PWR-CORD-UK,Accessories,Meraki AC Power Cord for MX and MS (UK Plug), 19.00 
MA-PWR-CORD-AU,Accessories,Meraki AC Power Cord for MX and MS (AU Plug), 19.00 
MA-PWR-CORD-US,Accessories,Meraki AC Power Cord for MX and MS (US Plug), 19.00 
MA-PWR-CORD-JP,Accessories,Meraki AC Power Cord for MX and MS (JP Plug), 19.00 
MA-PWR-250WAC,Accessories,Meraki 250WAC PSU, 450.00 
MA-PWR-640WAC,Accessories,Meraki 640WAC PSU, 950.00 
MA-PWR-1025WAC,Accessories,Meraki 1025WAC PSU," 1,450.00 "
PWR-MS420-400AC-R,Accessories,Meraki MS420 400WAC Front-to-Back PSU," 2,000.00 "
MA-PWR-30WAC,Accessories,Meraki MX64 Replacement Power Adapter (30 WAC), 65.00 
MA-PWR-90WAC,Accessories,Meraki MX65 Replacement Power Adapter (90 WAC), 160.00 
MA-FAN-18K,Accessories,"Meraki Front-to-Back Fan, 18K RPM", 250.00 
MA-FAN-16K,Accessories,"Meraki Front-to-Back Fan, 16K RPM", 250.00 
MA-SFP-10GB-LR,Accessories,Meraki 10G Base LR Single-Mode," 3,995.00 "
MA-SFP-10GB-LRM,Accessories,Meraki 10G Base LRM Multi-Mode, 995.00 
MA-SFP-10GB-SR,Accessories,Meraki 10G Base SR Multi-Mode, 995.00 
MA-SFP-1GB-LX10,Accessories,Meraki 1000Base LX10 Single-Mode, 995.00 
MA-SFP-1GB-SX,Accessories,Meraki 1000Base SX Multi-Mode, 500.00 
MA-SFP-1GB-TX,Accessories,Meraki 1 GbE SFP Copper Module, 395.00 
MA-QSFP-40G-SR4,Accessories,Meraki SR4 QSFP 40G Transceiver," 2,995.00 "
MA-QSFP-40G-LR4,Accessories,Meraki LR4 QSFP 40G Transceiver," 10,900.00 "
MA-QSFP-40G-CSR4,Accessories,Meraki CSR4 QSFP 40G Transceiver," 2,995.00 "
MA-QSFP-40G-SR-BD,Accessories,Meraki SR-BD QSFP 40G Transceiver," 1,095.00 "
MA-CBL-TA-1M,Accessories,"Meraki 10 GbE Twinax Cable with SFP+ Modules, 1 Meter", 100.00 
MA-CBL-TA-3M,Accessories,"Meraki 10 GbE Twinax Cable with SFP+ Modules, 3 Meter", 150.00 
MA-CBL-40G-50CM,Accessories,"Meraki 40GbE QSFP Cable, 0.5 Meter", 100.00 
MA-CBL-40G-1M,Accessories,"Meraki 40GbE QSFP Cable, 1 Meter", 200.00 
MA-CBL-40G-3M,Accessories,"Meraki 40GbE QSFP Cable, 3 Meter", 300.00 
MA-ANT-MX,Accessories,Meraki Wireless MX Replacement Antenna, 25.00 
MA-MNT-MV-1,Accessories,Meraki Wall Mount Arm for MV21 and MV71, 249.00 
MA-MNT-MV-2,Accessories,Meraki Pole Mount for MV71, 199.00 
MA-MNT-MV-3,Accessories,Meraki L-Shape Wall Mount Bracket for MV21 and MV71, 199.00 
MA-MNT-MID-1,Accessories,Meraki MS225 and MS250 Mid-Mount Kit, 75.00 
MA-MNT-CLG-1,Accessories,Meraki T-Rail Channel Adapter Mount Kit, 25.00 
MR30H-HW,Wireless,Meraki MR30H Cloud Managed AP, 599.00 
MR33-HW,Wireless,Meraki MR33 Cloud Managed AP, 649.00 
MR42-HW,Wireless,Meraki MR42 Cloud Managed AP," 1,099.00 "
MR52-HW,Wireless,Meraki MR52 Cloud Managed AP," 1,399.00 "
MR53-HW,Wireless,Meraki MR53 Cloud Managed AP," 1,699.00 "
MR62-HW,Wireless,Meraki MR62 Cloud Managed AP, 699.00 
MR74-HW,Wireless,Meraki MR74 Cloud Managed AP," 1,399.00 "
MR84-HW,Wireless,Meraki MR84 Cloud Managed AP," 2,399.00 "
LIC-ENT-1YR,Wireless,"Meraki MR Enterprise License, 1YR", 150.00 
LIC-ENT-3YR,Wireless,"Meraki MR Enterprise License, 3YR", 300.00 
LIC-ENT-5YR,Wireless,"Meraki MR Enterprise License, 5YR", 450.00 
LIC-ENT-7YR,Wireless,"Meraki MR Enterprise License, 7YR", 630.00 
LIC-ENT-10YR,Wireless,"Meraki MR Enterprise License, 10YR", 900.00 
MA-INJ-4-US,Accessories,Meraki MR 802.3at PoE Injector (US Plug), 149.00 
MA-INJ-4-EU,Accessories,Meraki MR 802.3at PoE Injector (EU Plug), 149.00 
MA-INJ-4-UK,Accessories,Meraki MR 802.3at PoE Injector (UK Plug), 149.00 
MA-INJ-4-AU,Accessories,Meraki MR 802.3at PoE Injector (AU Plug), 149.00 
MA-INJ-5-US,Accessories,Meraki Multigigabit 802.3at PoE Injector (US Plug), 399.00 
MA-INJ-5-EU,Accessories,Meraki Multigigabit 802.3at PoE Injector (EU Plug), 399.00 
MA-INJ-5-UK,Accessories,Meraki Multigigabit 802.3at PoE Injector (UK Plug), 399.00 
MA-INJ-5-AU,Accessories,Meraki Multigigabit 802.3at PoE Injector (AU Plug), 399.00 
MA-PWR-30W-US,Accessories,Meraki AC Adapter for MR Wireless Access Points (US Plug), 29.00 
MA-PWR-30W-EU,Accessories,Meraki AC Adapter for MR Wireless Access Points (EU Plug), 29.00 
MA-PWR-30W-UK,Accessories,Meraki AC Adapter for MR Wireless Access Points (UK Plug), 29.00 
MA-PWR-30W-AU,Accessories,Meraki AC Adapter for MR Wireless Access Points (AU Plug), 29.00 
MA-ANT-20,Accessories,Meraki Dual-band Omni Antennas, 199.00 
MA-ANT-21,Accessories,Meraki 5GHz Sector Antenna, 349.00 
MA-ANT-23,Accessories,Meraki 2.4GHz Sector Antenna, 349.00 
MA-ANT-25,Accessories,Meraki Dual Band Patch Antenna, 349.00 
MA-ANT-27,Accessories,Meraki Dual Band Sector Antenna, 349.00 
MA-STND-1,Accessories,Meraki Z3 Vertical Desktop Stand, 45.00 
MA-PWR-50WAC,Accessories,Meraki Z3 Replacement Power Adapter (50 WAC), 100.00 